trade_date,template,rank,ts_code,name,industry_code,industry,score
20260729,fresh_breakout,1,301234.SZ,五洲医疗,801150.SI,医药生物,0.8793885494546883
20260729,fresh_breakout,2,002003.SZ,伟星股份,801130.SI,纺织服饰,0.7979345001620528
20260729,fresh_breakout,3,603580.SH,艾艾精工,801030.SI,基础化工,0.7934646455070077
20260729,fresh_breakout,4,688237.SH,超卓航科,801740.SI,国防军工,0.7783997830278879
20260729,fresh_breakout,5,601000.SH,唐山港,801170.SI,交通运输,0.7772679315251599
20260729,fresh_breakout,6,605028.SH,世茂能源,801160.SI,公用事业,0.7630521376554142
20260729,fresh_breakout,7,301381.SZ,赛维时代,801200.SI,商贸零售,0.7448807709148605
20260729,fresh_breakout,8,002900.SZ,哈三联,801150.SI,医药生物,0.742015052502499
20260729,fresh_breakout,9,300779.SZ,惠城环保,801970.SI,环保,0.735519913057951
20260729,fresh_breakout,10,600039.SH,四川路桥,801720.SI,建筑装饰,0.7310688059585859
20260729,fresh_breakout,11,300534.SZ,陇神戎发,801150.SI,医药生物,0.7309495243926644
20260729,fresh_breakout,12,600690.SH,海尔智家,801110.SI,家用电器,0.728326769249908
20260729,fresh_breakout,13,300795.SZ,米奥会展,801210.SI,社会服务,0.7245486685179127
20260729,fresh_breakout,14,600664.SH,哈药股份,801150.SI,医药生物,0.7094506511109192
20260729,fresh_breakout,15,001258.SZ,立新能源,801160.SI,公用事业,0.7070237211771921
20260729,fresh_breakout,16,601919.SH,中远海控,801170.SI,交通运输,0.7055429190869551
20260729,fresh_breakout,17,002412.SZ,汉森制药,801150.SI,医药生物,0.690427739878999
20260729,fresh_breakout,18,600019.SH,宝钢股份,801040.SI,钢铁,0.6900236414510422
20260729,fresh_breakout,19,601038.SH,一拖股份,801890.SI,机械设备,0.6845000416217849
20260729,fresh_breakout,20,603221.SH,爱丽家居,801140.SI,轻工制造,0.6820842813296081
20260729,fresh_breakout,21,000598.SZ,兴蓉环境,801970.SI,环保,0.6800309633490345
20260729,fresh_breakout,22,000651.SZ,格力电器,801110.SI,家用电器,0.6799081430905358
20260729,fresh_breakout,23,600012.SH,皖通高速,801170.SI,交通运输,0.6739223877724233
20260729,fresh_breakout,24,600064.SH,南京高科,801180.SI,房地产,0.6733484143883254
20260729,fresh_breakout,25,000526.SZ,学大教育,801210.SI,社会服务,0.6727383253813124
20260729,fresh_breakout,26,301273.SZ,瑞晨环保,801890.SI,机械设备,0.6725702743904831
20260729,fresh_breakout,27,603118.SH,共进股份,801770.SI,通信,0.6677808289466542
20260729,fresh_breakout,28,301087.SZ,可孚医疗,801150.SI,医药生物,0.666975763100302
20260729,fresh_breakout,29,603288.SH,海天味业,801120.SI,食品饮料,0.6639873841124828
20260729,fresh_breakout,30,000429.SZ,粤高速A,801170.SI,交通运输,0.6617993497679918
20260729,healthy_uptrend,1,603823.SH,百合花,801030.SI,基础化工,0.9479244396365452
20260729,healthy_uptrend,2,301536.SZ,星宸科技,801080.SI,电子,0.9035840951653845
20260729,healthy_uptrend,3,688347.SH,华虹宏力,801080.SI,电子,0.8928130228249452
20260729,healthy_uptrend,4,688361.SH,中科飞测,801080.SI,电子,0.8920252617722141
20260729,healthy_uptrend,5,688669.SH,聚石化学,801030.SI,基础化工,0.8897843400872827
20260729,healthy_uptrend,6,688432.SH,有研硅,801080.SI,电子,0.8868544996676947
20260729,healthy_uptrend,7,920438.BJ,戈碧迦,801080.SI,电子,0.8857386612658011
20260729,healthy_uptrend,8,002832.SZ,比音勒芬,801130.SI,纺织服饰,0.8788605683890482
20260729,healthy_uptrend,9,000691.SZ,亚太实业,801030.SI,基础化工,0.8768424953719606
20260729,healthy_uptrend,10,688120.SH,华海清科,801080.SI,电子,0.8746503924549665
20260729,healthy_uptrend,11,688012.SH,中微公司,801080.SI,电子,0.8742368966238471
20260729,healthy_uptrend,12,603065.SH,宿迁联盛,801030.SI,基础化工,0.8715774318197952
20260729,healthy_uptrend,13,301072.SZ,中捷精工,801880.SI,汽车,0.8712287117692599
20260729,healthy_uptrend,14,688072.SH,拓荆科技,801080.SI,电子,0.8666815260234589
20260729,healthy_uptrend,15,688627.SH,精智达,801890.SI,机械设备,0.8665454405343214
20260729,healthy_uptrend,16,688146.SH,中船特气,801080.SI,电子,0.8659579567439938
20260729,healthy_uptrend,17,002409.SZ,雅克科技,801080.SI,电子,0.8633130911331192
20260729,healthy_uptrend,18,300604.SZ,长川科技,801080.SI,电子,0.8625307657859289
20260729,healthy_uptrend,19,688200.SH,华峰测控,801080.SI,电子,0.8618088151306197
20260729,healthy_uptrend,20,000608.SZ,阳光股份,801180.SI,房地产,0.8600948272417565
20260729,healthy_uptrend,21,002774.SZ,快意电梯,801890.SI,机械设备,0.8581812926616966
20260729,healthy_uptrend,22,688147.SH,微导纳米,801730.SI,电力设备,0.8576448544173343
20260729,healthy_uptrend,23,688549.SH,中巨芯,801080.SI,电子,0.8551125047184683
20260729,healthy_uptrend,24,688082.SH,盛美上海,801080.SI,电子,0.853955381648634
20260729,healthy_uptrend,25,600206.SH,有研新材,801080.SI,电子,0.8500131226548056
20260729,healthy_uptrend,26,002674.SZ,兴业科技,801130.SI,纺织服饰,0.8488856288671721
20260729,healthy_uptrend,27,601066.SH,中信建投,801790.SI,非银金融,0.848002716047323
20260729,healthy_uptrend,28,300420.SZ,五洋自控,801890.SI,机械设备,0.8466176479508778
20260729,healthy_uptrend,29,002371.SZ,北方华创,801080.SI,电子,0.8464798111150066
20260729,healthy_uptrend,30,301526.SZ,国际复材,801710.SI,建筑材料,0.8399493159342731
20260729,parabolic_uptrend,1,688146.SH,中船特气,801080.SI,电子,0.9536817808049249
20260729,parabolic_uptrend,2,002832.SZ,比音勒芬,801130.SI,纺织服饰,0.9507150768638818
20260729,parabolic_uptrend,3,300489.SZ,光智科技,801080.SI,电子,0.9335488302569975
20260729,parabolic_uptrend,4,003036.SZ,泰坦股份,801890.SI,机械设备,0.9295815109258194
20260729,parabolic_uptrend,5,000811.SZ,冰轮环境,801890.SI,机械设备,0.9289333655348692
20260729,parabolic_uptrend,6,688141.SH,杰华特,801080.SI,电子,0.9272471410326506
20260729,parabolic_uptrend,7,301217.SZ,铜冠铜箔,801730.SI,电力设备,0.9266727189902315
20260729,parabolic_uptrend,8,300843.SZ,胜蓝股份,801080.SI,电子,0.9256536534064134
20260729,parabolic_uptrend,9,301273.SZ,瑞晨环保,801890.SI,机械设备,0.9247478047576628
20260729,parabolic_uptrend,10,300209.SZ,行云科技,801750.SI,计算机,0.9246229810833785
20260729,parabolic_uptrend,11,300408.SZ,三环集团,801080.SI,电子,0.9244112044507388
20260729,parabolic_uptrend,12,002281.SZ,光迅科技,801770.SI,通信,0.9241571807874811
20260729,parabolic_uptrend,13,002484.SZ,江海股份,801080.SI,电子,0.9213203981339564
20260729,parabolic_uptrend,14,688498.SH,源杰科技,801080.SI,电子,0.9207381785632833
20260729,parabolic_uptrend,15,301526.SZ,国际复材,801710.SI,建筑材料,0.9187343860333084
20260729,parabolic_uptrend,16,688630.SH,芯碁微装,801890.SI,机械设备,0.9180673559911269
20260729,parabolic_uptrend,17,301319.SZ,唯特偶,801080.SI,电子,0.9174304334577422
20260729,parabolic_uptrend,18,300308.SZ,中际旭创,801770.SI,通信,0.916917442785211
20260729,parabolic_uptrend,19,002938.SZ,鹏鼎控股,801080.SI,电子,0.9166792363060126
20260729,parabolic_uptrend,20,003004.SZ,声迅股份,801750.SI,计算机,0.9151410364265368
20260729,parabolic_uptrend,21,002463.SZ,沪电股份,801080.SI,电子,0.912487102421973
20260729,parabolic_uptrend,22,301188.SZ,力诺药包,801150.SI,医药生物,0.9117932360670455
20260729,parabolic_uptrend,23,688702.SH,盛科通信,801080.SI,电子,0.9113128230950317
20260729,parabolic_uptrend,24,300502.SZ,新易盛,801770.SI,通信,0.9111515498801356
20260729,parabolic_uptrend,25,603773.SH,沃格光电,801080.SI,电子,0.9095502679982197
20260729,parabolic_uptrend,26,300649.SZ,杭州园林,801720.SI,建筑装饰,0.9078269326661257
20260729,parabolic_uptrend,27,688409.SH,富创精密,801080.SI,电子,0.9073777533459942
20260729,parabolic_uptrend,28,002384.SZ,东山精密,801080.SI,电子,0.9071891432428618
20260729,parabolic_uptrend,29,002552.SZ,宝鼎科技,801890.SI,机械设备,0.9070172908113868
20260729,parabolic_uptrend,30,688072.SH,拓荆科技,801080.SI,电子,0.9061507832713687
20260729,pullback_strengthening,1,301310.SZ,鑫宏业,801880.SI,汽车,0.9469486658700459
20260729,pullback_strengthening,2,688432.SH,有研硅,801080.SI,电子,0.9430036880567619
20260729,pullback_strengthening,3,688361.SH,中科飞测,801080.SI,电子,0.9397306479833996
20260729,pullback_strengthening,4,603259.SH,药明康德,801150.SI,医药生物,0.9394956223380964
20260729,pullback_strengthening,5,002821.SZ,凯莱英,801150.SI,医药生物,0.9345645079165124
20260729,pullback_strengthening,6,002674.SZ,兴业科技,801130.SI,纺织服饰,0.9311807030646183
20260729,pullback_strengthening,7,002303.SZ,美盈森,801140.SI,轻工制造,0.9281992477433088
20260729,pullback_strengthening,8,002141.SZ,贤丰控股,801010.SI,农林牧渔,0.9263221755991495
20260729,pullback_strengthening,9,300506.SZ,名家汇,801720.SI,建筑装饰,0.9246042774384879
20260729,pullback_strengthening,10,001229.SZ,魅视科技,801750.SI,计算机,0.9234763818572983
20260729,pullback_strengthening,11,300558.SZ,贝达药业,801150.SI,医药生物,0.9169411323969404
20260729,pullback_strengthening,12,002653.SZ,海思科,801150.SI,医药生物,0.9169234200173618
20260729,pullback_strengthening,13,601211.SH,国泰海通,801790.SI,非银金融,0.9116109160450812
20260729,pullback_strengthening,14,688120.SH,华海清科,801080.SI,电子,0.9034589759451245
20260729,pullback_strengthening,15,603823.SH,百合花,801030.SI,基础化工,0.9002263723097059
20260729,pullback_strengthening,16,688669.SH,聚石化学,801030.SI,基础化工,0.8961209239941219
20260729,pullback_strengthening,17,300604.SZ,长川科技,801080.SI,电子,0.8909877474220597
20260729,pullback_strengthening,18,688578.SH,艾力斯,801150.SI,医药生物,0.890661700847205
20260729,pullback_strengthening,19,600030.SH,中信证券,801790.SI,非银金融,0.8904564615241211
20260729,pullback_strengthening,20,688506.SH,百利天恒,801150.SI,医药生物,0.8884261051414932
20260729,pullback_strengthening,21,300671.SZ,富满微,801080.SI,电子,0.8833384339453458
20260729,pullback_strengthening,22,603669.SH,灵康药业,801150.SI,医药生物,0.8824176735522168
20260729,pullback_strengthening,23,002422.SZ,科伦药业,801150.SI,医药生物,0.8819313109274572
20260729,pullback_strengthening,24,600177.SH,雅戈尔,801130.SI,纺织服饰,0.8775829821634157
20260729,pullback_strengthening,25,002485.SZ,ST雪发,801170.SI,交通运输,0.8767474107532606
20260729,pullback_strengthening,26,688266.SH,泽璟制药,801150.SI,医药生物,0.8752071630651784
20260729,pullback_strengthening,27,603713.SH,密尔克卫,801170.SI,交通运输,0.8736268082968374
20260729,pullback_strengthening,28,603456.SH,九洲药业,801150.SI,医药生物,0.8734229453281356
20260729,pullback_strengthening,29,688105.SH,诺唯赞,801150.SI,医药生物,0.872762930152093
20260729,pullback_strengthening,30,688037.SH,芯源微,801080.SI,电子,0.8702039002908566
