key,label,start_date,end_date,bars,return_pct,quadratic_coefficient,quadratic_fit_r2,first_half_log_slope_bp_per_bar,second_half_log_slope_bp_per_bar,slope_delta_bp_per_bar,max_drawdown_pct,positive_bar_share,offset_in_160,eligible_stage_window,selected
candidate_000,80 根候选 1,20251031,20260303,80,0.201542,0.1125511419,0.1589378962,-69.921184,-0.091517,69.829667,-34.510153,0.4556962,0,False,False
candidate_001,80 根候选 2,20251103,20260304,80,5.701681,0.1136068763,0.1608815704,-67.960041,-2.27582,65.684221,-34.510153,0.4556962,1,False,False
candidate_002,80 根候选 3,20251104,20260305,80,14.334821,0.1122731877,0.1632004162,-64.206398,-3.61974,60.586658,-34.510153,0.46835443,2,False,False
candidate_003,80 根候选 4,20251105,20260306,80,20.674767,0.1213265041,0.1837432014,-62.819783,-3.010299,59.809484,-34.510153,0.46835443,3,False,False
candidate_004,80 根候选 5,20251106,20260309,80,13.296107,0.1326066028,0.2114596061,-62.812614,-2.874669,59.937946,-34.510153,0.46835443,4,False,False
candidate_005,80 根候选 6,20251107,20260310,80,10.411595,0.1388434749,0.2405991616,-56.462045,1.669753,58.131798,-34.510153,0.46835443,5,False,False
candidate_006,80 根候选 7,20251110,20260311,80,5.623541,0.1373646617,0.268536237,-46.350112,7.225691,53.575803,-34.510153,0.46835443,6,False,False
candidate_007,80 根候选 8,20251111,20260312,80,6.948949,0.1268113005,0.2965728658,-34.747048,11.019634,45.766682,-34.510153,0.46835443,7,False,False
candidate_008,80 根候选 9,20251112,20260313,80,9.956368,0.124341812,0.3423287166,-25.582919,16.080347,41.663266,-34.510153,0.46835443,8,False,False
candidate_009,80 根候选 10,20251113,20260316,80,20.556107,0.1219394551,0.4087814189,-14.63514,23.315914,37.951054,-34.510153,0.46835443,9,False,False
candidate_010,80 根候选 11,20251114,20260317,80,31.111111,0.1159427034,0.4773848268,-2.398717,30.79451,33.193227,-29.166667,0.48101266,10,False,False
candidate_011,80 根候选 12,20251117,20260318,80,41.62375,0.1184416806,0.5315548441,6.107788,38.417652,32.309864,-27.578764,0.49367089,11,True,False
candidate_012,80 根候选 13,20251118,20260319,80,34.02222,0.1123597364,0.5753168739,14.965247,43.174771,28.209524,-27.477153,0.49367089,12,True,False
candidate_013,80 根候选 14,20251119,20260320,80,25.713852,0.1023679078,0.6103323896,25.260577,48.132298,22.871721,-27.477153,0.48101266,13,True,False
candidate_014,80 根候选 15,20251120,20260323,80,29.717934,0.0849110561,0.647130118,39.149671,54.186197,15.036526,-22.714782,0.48101266,14,True,False
candidate_015,80 根候选 16,20251121,20260324,80,56.988909,0.0787763577,0.6782852526,50.389129,62.916695,12.527566,-20.394027,0.49367089,15,True,False
candidate_016,80 根候选 17,20251124,20260325,80,72.009536,0.0865249017,0.6954394126,58.45085,74.862207,16.411357,-20.394027,0.50632911,16,True,False
candidate_017,80 根候选 18,20251125,20260326,80,71.383335,0.0951128078,0.7102946976,65.956671,87.327028,21.370357,-20.394027,0.50632911,17,True,False
candidate_018,80 根候选 19,20251126,20260327,80,75.702784,0.1012930048,0.7253032746,73.748558,99.836453,26.087895,-20.394027,0.51898734,18,True,False
candidate_019,80 根候选 20,20251127,20260330,80,86.89887,0.1113408639,0.7386277393,79.287216,112.366796,33.07958,-20.394027,0.53164557,19,True,False
candidate_020,80 根候选 21,20251128,20260331,80,72.851296,0.1162334757,0.749782248,83.278749,121.781417,38.502668,-20.394027,0.51898734,20,True,False
candidate_021,80 根候选 22,20251201,20260401,80,73.908154,0.1153796204,0.7600267248,88.272841,130.3158,42.042959,-20.394027,0.51898734,21,True,False
candidate_022,80 根候选 23,20251202,20260402,80,73.565217,0.1128238846,0.7659212329,91.796963,137.116949,45.319985,-20.394027,0.51898734,22,True,False
candidate_023,80 根候选 24,20251203,20260403,80,71.898096,0.1102481035,0.768154727,92.597927,141.477228,48.879301,-20.394027,0.51898734,23,True,False
candidate_024,80 根候选 25,20251204,20260407,80,87.035559,0.1148038646,0.7744278526,92.608858,148.183422,55.574564,-20.394027,0.53164557,24,True,False
candidate_025,80 根候选 26,20251205,20260408,80,94.715437,0.1232895285,0.7818767511,88.324135,152.25665,63.932516,-20.394027,0.5443038,25,True,False
candidate_026,80 根候选 27,20251208,20260409,80,82.991014,0.1340007146,0.7901637638,84.210296,157.307827,73.097531,-20.394027,0.5443038,26,True,False
candidate_027,80 根候选 28,20251209,20260410,80,101.037933,0.1431592091,0.8003295511,82.300174,163.852906,81.552732,-20.394027,0.5443038,27,True,False
candidate_028,80 根候选 29,20251210,20260413,80,121.934609,0.1566112996,0.8094605312,79.048913,170.703955,91.655041,-20.394027,0.55696203,28,True,False
candidate_029,80 根候选 30,20251211,20260414,80,130.852532,0.1734108693,0.817835149,73.997459,176.903003,102.905544,-20.394027,0.56962025,29,True,False
candidate_030,80 根候选 31,20251212,20260415,80,133.69899,0.1879285834,0.8267140386,70.04008,183.011388,112.971308,-20.394027,0.58227848,30,True,False
candidate_031,80 根候选 32,20251215,20260416,80,153.476143,0.2039191886,0.8354606067,64.934773,188.313882,123.37911,-20.394027,0.59493671,31,True,False
candidate_032,80 根候选 33,20251216,20260417,80,157.760165,0.2219153706,0.845108935,57.449898,191.678592,134.228694,-20.394027,0.59493671,32,True,False
candidate_033,80 根候选 34,20251217,20260420,80,152.24724,0.2405816087,0.8556717453,49.417287,194.307084,144.889797,-20.394027,0.59493671,33,True,False
candidate_034,80 根候选 35,20251218,20260421,80,150.482587,0.2554677238,0.8651791251,43.376076,196.95165,153.575574,-20.394027,0.58227848,34,True,False
candidate_035,80 根候选 36,20251219,20260422,80,174.79919,0.2701046561,0.8745577651,38.172617,199.986511,161.813894,-20.394027,0.59493671,35,True,False
candidate_036,80 根候选 37,20251222,20260423,80,147.049887,0.2849626317,0.8854453619,29.004907,198.697667,169.69276,-20.394027,0.58227848,36,True,False
candidate_037,80 根候选 38,20251223,20260424,80,142.159117,0.2941303818,0.8927280556,21.965728,196.646493,174.680765,-20.394027,0.56962025,37,True,False
candidate_038,80 根候选 39,20251224,20260427,80,121.115206,0.301545439,0.8988539608,14.781667,193.170263,178.388596,-20.394027,0.55696203,38,True,False
candidate_039,80 根候选 40,20251225,20260428,80,128.707733,0.3017737799,0.9011068203,9.14981,187.654005,178.504194,-20.394027,0.56962025,39,True,False
candidate_040,80 根候选 41,20251226,20260429,80,119.02982,0.3072662005,0.9061734447,-0.091517,179.837876,179.929393,-20.394027,0.56962025,40,False,False
candidate_041,80 根候选 42,20251229,20260430,80,118.210355,0.3029935083,0.9077400745,-2.27582,174.265177,176.540997,-20.394027,0.56962025,41,False,False
candidate_042,80 根候选 43,20251230,20260506,80,140.120736,0.3048461013,0.9121893202,-3.61974,171.485732,175.105472,-20.394027,0.58227848,42,False,False
candidate_043,80 根候选 44,20251231,20260507,80,166.143396,0.3103964249,0.9172675504,-3.010299,171.77478,174.785079,-20.394027,0.59493671,43,False,False
candidate_044,80 根候选 45,20260105,20260508,80,139.431813,0.3143326264,0.9213495389,-2.874669,170.627085,173.501753,-20.394027,0.58227848,44,False,False
candidate_045,80 根候选 46,20260106,20260511,80,150.463383,0.3152951898,0.9254017024,1.669753,172.492925,170.823171,-20.394027,0.58227848,45,True,False
candidate_046,80 根候选 47,20260107,20260512,80,147.460597,0.3085910575,0.9278277584,7.225691,172.166708,164.941017,-20.394027,0.58227848,46,True,False
candidate_047,80 根候选 48,20260108,20260513,80,183.773254,0.3099761121,0.9315508847,11.019634,173.293288,162.273655,-20.394027,0.59493671,47,True,False
candidate_048,80 根候选 49,20260109,20260514,80,207.343441,0.3178761475,0.9354547517,16.080347,178.358478,162.278131,-20.394027,0.60759494,48,True,False
candidate_049,80 根候选 50,20260112,20260515,80,197.016813,0.3238671679,0.9389695986,23.315914,185.073124,161.75721,-20.394027,0.59493671,49,True,False
candidate_050,80 根候选 51,20260113,20260518,80,215.800375,0.3284667524,0.9421296041,30.79451,191.837701,161.043191,-20.394027,0.60759494,50,True,False
candidate_051,80 根候选 52,20260114,20260519,80,192.868462,0.3290815252,0.9439803166,38.417652,197.512394,159.094742,-20.394027,0.59493671,51,True,False
candidate_052,80 根候选 53,20260115,20260520,80,174.267253,0.3252379119,0.9446444398,43.174771,198.739216,155.564444,-20.394027,0.58227848,52,True,True
candidate_053,80 根候选 54,20260116,20260521,80,140.556589,0.3087967023,0.9420468961,48.132298,194.95676,146.824461,-20.394027,0.56962025,53,True,False
candidate_054,80 根候选 55,20260119,20260522,80,148.055341,0.2864159894,0.9410328868,54.186197,189.636099,135.449902,-20.394027,0.58227848,54,True,False
candidate_055,80 根候选 56,20260120,20260525,80,148.529208,0.2651141359,0.9410205686,62.916695,187.330175,124.41348,-20.394027,0.58227848,55,True,False
candidate_056,80 根候选 57,20260121,20260526,80,131.377058,0.2344019526,0.9395997814,74.862207,184.504598,109.642391,-20.394027,0.56962025,56,True,False
candidate_057,80 根候选 58,20260122,20260527,80,131.717442,0.2010278642,0.9396937304,87.327028,181.322311,93.995282,-20.394027,0.56962025,57,True,False
candidate_058,80 根候选 59,20260123,20260528,80,136.11158,0.1641927452,0.940357374,99.836453,176.965544,77.129091,-17.940438,0.56962025,58,True,False
candidate_059,80 根候选 60,20260126,20260529,80,133.14217,0.1263190619,0.939665116,112.366796,172.420114,60.053318,-17.807727,0.56962025,59,True,False
candidate_060,80 根候选 61,20260127,20260601,80,114.928944,0.082687165,0.9362970003,121.781417,162.481337,40.69992,-18.724151,0.55696203,60,True,False
candidate_061,80 根候选 62,20260128,20260602,80,118.006878,0.0387862796,0.9357981764,130.3158,151.418478,21.102678,-18.724151,0.56962025,61,True,False
candidate_062,80 根候选 63,20260129,20260603,80,129.278602,-0.003603368,0.9378012413,137.116949,138.976842,1.859894,-18.724151,0.58227848,62,False,False
candidate_063,80 根候选 64,20260130,20260604,80,150.760761,-0.0352175208,0.9424761129,141.477228,128.128301,-13.348927,-18.724151,0.58227848,63,False,False
candidate_064,80 根候选 65,20260202,20260605,80,153.979586,-0.074826036,0.9460345459,148.183422,115.988333,-32.195089,-18.724151,0.58227848,64,False,False
candidate_065,80 根候选 66,20260203,20260608,80,133.073349,-0.112108655,0.9441051774,152.25665,101.850225,-50.406425,-19.990749,0.56962025,65,False,False
candidate_066,80 根候选 67,20260204,20260609,80,155.173395,-0.1442799633,0.9457573319,157.307827,90.504201,-66.803626,-19.990749,0.58227848,66,False,False
candidate_067,80 根候选 68,20260205,20260610,80,164.6453,-0.1726186244,0.9467625217,163.852906,82.14419,-81.708716,-19.990749,0.59493671,67,False,False
candidate_068,80 根候选 69,20260206,20260611,80,171.750931,-0.1960722002,0.9468890391,170.703955,76.241009,-94.462945,-19.990749,0.60759494,68,False,False
candidate_069,80 根候选 70,20260209,20260612,80,156.486385,-0.2182861543,0.9458024676,176.903003,70.452204,-106.450799,-19.990749,0.59493671,69,False,False
candidate_070,80 根候选 71,20260210,20260615,80,170.484801,-0.2383485038,0.9465004845,183.011388,65.733412,-117.277976,-19.990749,0.60759494,70,False,False
candidate_071,80 根候选 72,20260211,20260616,80,178.15027,-0.2535513352,0.9467350148,188.313882,62.507643,-125.806239,-19.990749,0.62025316,71,False,False
candidate_072,80 根候选 73,20260212,20260617,80,196.134766,-0.2594025216,0.9465662869,191.678592,61.496654,-130.181938,-19.990749,0.62025316,72,False,False
candidate_073,80 根候选 74,20260213,20260618,80,185.912225,-0.2650758544,0.9463297608,194.307084,60.099914,-134.207171,-19.990749,0.62025316,73,False,False
candidate_074,80 根候选 75,20260224,20260622,80,188.232749,-0.2698599817,0.9464995823,196.95165,59.33161,-137.62004,-19.990749,0.62025316,74,False,False
candidate_075,80 根候选 76,20260225,20260623,80,201.44216,-0.2738648947,0.946770895,199.986511,59.538573,-140.447938,-19.990749,0.63291139,75,False,False
candidate_076,80 根候选 77,20260226,20260624,80,216.147028,-0.2686876259,0.9444452441,198.697667,59.348741,-139.348927,-19.990749,0.63291139,76,False,False
candidate_077,80 根候选 78,20260227,20260625,80,248.481847,-0.2563882252,0.9394258368,196.646493,61.344918,-135.301575,-19.990749,0.64556962,77,False,False
candidate_078,80 根候选 79,20260302,20260626,80,286.129604,-0.2378682056,0.9319896294,193.170263,64.466988,-128.703275,-19.990749,0.65822785,78,False,False
candidate_079,80 根候选 80,20260303,20260629,80,324.583545,-0.2139769855,0.9240787882,187.654005,67.7054,-119.948604,-19.990749,0.67088608,79,False,False
candidate_080,80 根候选 81,20260304,20260630,80,275.201335,-0.1850139531,0.9187387125,179.837876,70.65352,-109.184356,-19.990749,0.65822785,80,False,False
