variant,window_bars,rank,ts_code,name,score,window_start,window_end,return_pct,quadratic_coefficient,quadratic_fit_r2,first_half_log_slope_bp_per_bar,second_half_log_slope_bp_per_bar,slope_delta_bp_per_bar,max_drawdown_pct
selected_80,80,1,603823.SH,百合花,0.9386545013662122,20260402,20260729,266.072718,0.0715529507,0.9524652616,173.077731,223.162085,50.084354,-32.454534
selected_80,80,2,002422.SZ,科伦药业,0.9179296050169952,20260402,20260729,20.081388,0.1904610359,0.8656915867,-0.528116,101.094677,101.622792,-16.183057
selected_80,80,3,688432.SH,有研硅,0.8913722435452878,20260402,20260729,170.343643,0.158956492,0.8827549484,108.694845,227.446731,118.751886,-36.272085
selected_80,80,4,688072.SH,拓荆科技,0.8875714904672143,20260319,20260729,110.258042,-0.0660506473,0.9054759178,106.163271,62.708321,-43.45495,-25.053823
selected_80,80,5,000759.SZ,中百集团,0.8869944491235879,20260402,20260729,28.648649,0.1010949309,0.7768325742,2.125009,54.011691,51.886682,-15.470494
selected_80,80,6,688347.SH,华虹宏力,0.8838660303668702,20260402,20260729,147.912653,-0.1491382849,0.9330966325,186.586949,113.683009,-72.90394,-32.534332
selected_80,80,7,688361.SH,中科飞测,0.8692556006730682,20260402,20260729,139.859024,0.0619774346,0.8424460058,112.747277,174.232079,61.484801,-31.605823
selected_80,80,8,000429.SZ,粤高速A,0.8629841162905002,20260402,20260729,11.95735,0.0123061704,0.7500999453,20.813339,20.240054,-0.573285,-8.763587
selected_80,80,9,688669.SH,聚石化学,0.8575477592659898,20260402,20260729,134.466403,-0.1075341955,0.8358106972,137.640089,125.877338,-11.76275,-47.130125
selected_80,80,10,002674.SZ,兴业科技,0.8512351044822838,20260402,20260729,76.414343,0.1147028828,0.7370676861,41.816915,139.235286,97.418371,-39.350728
selected_80,80,11,000100.SZ,TCL科技,0.8426340713312602,20260402,20260729,19.687551,0.0096054685,0.7003845785,10.686142,23.189897,12.503755,-21.405229
selected_80,80,12,920438.BJ,戈碧迦,0.8397896745181936,20260402,20260729,207.357415,-0.2332840579,0.8821998788,194.638018,101.373755,-93.264263,-40.515372
selected_80,80,13,601211.SH,国泰海通,0.837971992703967,20260402,20260729,16.631279,0.1257174875,0.7476934158,-29.561594,44.749454,74.311048,-12.703963
selected_80,80,14,300567.SZ,精测电子,0.8366294043540652,20260326,20260729,58.428054,-0.1160532829,0.838194407,133.206446,70.000398,-63.206048,-37.342569
selected_80,80,15,688120.SH,华海清科,0.8350689926771369,20260402,20260729,119.01305,-0.0834224996,0.8579026781,145.716526,121.931207,-23.785319,-33.729651
selected_80,80,16,603580.SH,艾艾精工,0.8343440013300342,20260325,20260729,238.807715,0.1918832831,0.7968517775,129.870096,204.00136,74.131264,-18.989314
selected_80,80,17,603065.SH,宿迁联盛,0.8328672465238784,20260402,20260729,80.453609,0.1519522488,0.7098799121,-12.621563,122.145624,134.767186,-42.438403
selected_80,80,18,002317.SZ,众生药业,0.8322527925205006,20260402,20260729,37.541158,0.0029920437,0.8099550288,82.039003,84.436955,2.397952,-21.327726
selected_80,80,19,601066.SH,中信建投,0.8321633576188141,20260402,20260729,20.54986,-0.0408783268,0.7794507923,29.032905,14.843748,-14.189157,-15.900826
selected_80,80,20,688057.SH,金达莱,0.8271307707949586,20260402,20260729,37.816238,0.0312801881,0.7385800879,52.103725,65.313854,13.210129,-29.101245
selected_80,80,21,000691.SZ,亚太实业,0.8245512989529359,20260401,20260729,54.469105,0.0241211854,0.7063802238,28.787964,72.325929,43.537965,-32.83914
selected_80,80,22,000608.SZ,阳光股份,0.8241393583547152,20260401,20260729,46.359223,-0.0251874455,0.6982204981,15.979451,2.706036,-13.273415,-26.342711
selected_80,80,23,300420.SZ,五洋自控,0.8226188480379144,20260402,20260729,70.556599,-0.1754687702,0.805585534,98.867532,28.426827,-70.440704,-38.967611
selected_80,80,24,600999.SH,招商证券,0.8223907813662427,20260402,20260729,15.4565,-0.02502991,0.7374725499,30.646844,28.434209,-2.212635,-22.43678
selected_80,80,25,300105.SZ,龙源技术,0.8211586616708891,20260402,20260729,28.75929,0.2006004996,0.8153105069,-4.203874,105.364135,109.568009,-17.058824
selected_80,80,26,002409.SZ,雅克科技,0.8194307507487636,20260402,20260729,97.616669,-0.1155786715,0.8022714599,110.491394,78.218447,-32.272947,-44.724469
selected_80,80,27,002860.SZ,星帅尔,0.8166489375635277,20260402,20260729,52.454254,0.1229058964,0.8071180772,30.544411,99.943887,69.399476,-14.285714
selected_80,80,28,688362.SH,甬矽电子,0.8142826621659465,20260402,20260729,68.694284,-0.0930990704,0.7893185527,117.567779,90.15659,-27.411188,-43.954704
selected_80,80,29,002141.SZ,贤丰控股,0.8134557831718572,20260402,20260729,70.27027,0.2899234852,0.7517935963,-25.157362,155.008042,180.165404,-21.705426
selected_80,80,30,688082.SH,盛美上海,0.8129341312954435,20260402,20260729,98.21556,-0.2398744146,0.8300091614,134.890226,27.259188,-107.631039,-38.006474
selected_80,80,31,002821.SZ,凯莱英,0.8118751546951917,20260402,20260729,23.453767,0.1956258811,0.7248829912,2.899515,123.821205,120.92169,-20.812261
selected_80,80,32,001229.SZ,魅视科技,0.8114299124788963,20260402,20260729,40.217138,0.2025541928,0.7375750181,-2.381998,122.763832,125.145829,-29.142136
selected_80,80,33,920725.BJ,惠丰钻石,0.8103418356474033,20260402,20260729,138.575361,-0.2671678816,0.7569571793,121.395763,-21.929681,-143.325444,-45.0
selected_80,80,34,688012.SH,中微公司,0.8093511612914674,20260402,20260729,79.428476,-0.1293503424,0.8624774788,129.865186,82.124857,-47.740329,-27.373354
selected_80,80,35,002303.SZ,美盈森,0.809266934322769,20260402,20260729,25.101623,0.1729370713,0.7485694367,3.798543,110.625774,106.827231,-18.849206
selected_80,80,36,920699.BJ,海达尔,0.80679228603129,20260402,20260729,126.451402,-0.0836853966,0.8332263515,206.309288,170.048344,-36.260944,-36.088572
selected_80,80,37,002774.SZ,快意电梯,0.8053765851453151,20260402,20260729,44.334714,0.0698983136,0.7725184223,52.616743,103.31643,50.699687,-16.552557
selected_80,80,38,600909.SH,华安证券,0.8021416413876754,20260402,20260729,41.265198,-0.1232234891,0.7237065271,77.246071,28.695602,-48.550469,-38.445424
selected_80,80,39,300506.SZ,名家汇,0.8018407263691828,20260401,20260729,43.048508,0.1705470895,0.6759338866,20.274829,146.737006,126.462176,-22.678843
selected_80,80,40,600857.SH,宁波中百,0.800790948462063,20260402,20260729,31.49889,-0.0814455575,0.7832196553,78.720177,46.905823,-31.814354,-31.551038
selected_80,80,41,301536.SZ,星宸科技,0.8003118868503307,20260402,20260729,85.7327,0.013532304,0.7628951922,64.543419,98.071254,33.527835,-28.638023
selected_80,80,42,300985.SZ,致远新能,0.7998804952153683,20260402,20260729,42.752918,0.0214728691,0.7115538675,25.70361,77.504012,51.800403,-48.0255
selected_80,80,43,688146.SH,中船特气,0.7966217858070527,20260330,20260729,587.380302,-0.6423840602,0.9107987257,339.211208,19.965786,-319.245421,-48.5115
selected_80,80,44,688200.SH,华峰测控,0.7948015522534245,20260402,20260729,101.215577,-0.1827697804,0.8382223724,138.795588,77.941667,-60.853922,-34.979742
selected_80,80,45,301072.SZ,中捷精工,0.7946121017705077,20260402,20260729,50.874704,-0.0614613691,0.7491595157,30.349508,31.495332,1.145824,-25.945695
selected_80,80,46,300558.SZ,贝达药业,0.7944852451136118,20260402,20260729,27.269964,0.0062680823,0.7296965997,37.53973,62.339916,24.800185,-20.562414
selected_80,80,47,688147.SH,微导纳米,0.7910877540705235,20260402,20260729,54.778786,-0.1022898145,0.7969766893,94.766414,74.801296,-19.965118,-40.931554
selected_80,80,48,688627.SH,精智达,0.790564389258228,20260402,20260729,90.142488,-0.208361088,0.8369711394,138.03852,60.211213,-77.827307,-38.418182
selected_80,80,49,603259.SH,药明康德,0.7885887748254,20260402,20260729,24.540155,0.1340122865,0.7006079003,-0.395861,82.964601,83.360462,-14.658932
selected_80,80,50,000725.SZ,京东方A,0.7823888053055318,20260402,20260729,45.862109,-0.1758609542,0.746409934,80.420631,-1.074578,-81.49521,-38.681319
selected_80,80,51,300604.SZ,长川科技,0.7817105566807319,20260402,20260729,134.134883,-0.2240950327,0.9052105863,181.412677,91.95838,-89.454296,-29.144385
selected_80,80,52,002371.SZ,北方华创,0.7811469719324055,20260402,20260729,61.421113,-0.1621057218,0.8681829152,116.296376,45.888587,-70.40779,-27.566071
selected_80,80,53,002747.SZ,埃斯顿,0.7775120617803954,20260402,20260729,57.0273,-0.2056659204,0.8364268646,108.285497,14.691642,-93.593855,-38.693878
selected_80,80,54,920510.BJ,丰光精密,0.7711521848468217,20260402,20260729,38.545953,-0.0335999996,0.6829363377,38.453393,47.351742,8.898349,-40.384615
selected_80,80,55,002832.SZ,比音勒芬,0.7707218875301924,20260402,20260729,44.779336,-0.0352870812,0.8304422252,54.353664,35.86564,-18.488024,-8.798486
selected_80,80,56,600584.SH,长电科技,0.7686570394109933,20260402,20260729,86.484108,-0.3345050666,0.8868254114,202.59487,27.990101,-174.604769,-32.783196
selected_80,80,57,688037.SH,芯源微,0.7675121046111482,20260402,20260729,101.255557,-0.1374227207,0.8219030159,147.643294,100.762785,-46.88051,-31.955358
selected_80,80,58,600667.SH,太极实业,0.767149749666357,20260402,20260729,98.135695,-0.2588738293,0.7632954651,124.756306,21.879833,-102.876474,-52.741433
selected_80,80,59,600206.SH,有研新材,0.7629467187091103,20260402,20260729,99.12562,-0.1288728263,0.7439708452,105.314055,92.055683,-13.258372,-46.141141
selected_80,80,60,003004.SZ,声迅股份,0.7629128127255914,20260401,20260729,95.496998,-0.3996163015,0.8897618871,206.204033,-10.625036,-216.829069,-32.536395
selected_80,80,61,688630.SH,芯碁微装,0.7602451774104774,20260402,20260729,86.93625,-0.2665483158,0.8122590923,104.361872,-17.994267,-122.356139,-38.073807
selected_80,80,62,301526.SZ,国际复材,0.7575340095281746,20260402,20260729,166.654633,-0.3709282184,0.8181455322,177.622712,26.486482,-151.136231,-50.81273
selected_80,80,63,688549.SH,中巨芯,0.7568479022610486,20260402,20260729,159.430605,-0.4073433644,0.8269353384,188.943759,20.425014,-168.518745,-47.586207
selected_80,80,64,301165.SZ,锐捷网络,0.7564997135617892,20260402,20260729,83.942468,0.3548921824,0.757995242,17.997291,218.388051,200.390761,-24.208416
selected_80,80,65,000811.SZ,冰轮环境,0.7552334858299321,20260402,20260729,121.237186,-0.2979511242,0.8728902054,215.530444,94.545924,-120.98452,-33.866951
selected_80,80,66,002768.SZ,国恩股份,0.7528841852192143,20260402,20260729,53.47587,-0.1642642428,0.8839092482,99.472822,28.630133,-70.84269,-23.879353
selected_80,80,67,002965.SZ,祥鑫科技,0.749860531465765,20260402,20260729,15.53884,-0.1014898987,0.7214365224,58.286081,33.577973,-24.708108,-39.56914
selected_80,80,68,300671.SZ,富满微,0.7497174207869314,20260402,20260729,59.668222,0.0476728898,0.6370009419,53.697964,130.960575,77.262611,-40.246286
selected_80,80,69,301377.SZ,鼎泰高科,0.7492641420193352,20260402,20260729,95.497203,-0.372744034,0.7936151817,137.01717,-49.478396,-186.495566,-45.227411
selected_80,80,70,000908.SZ,石药景峰,0.7488238722854772,20260401,20260729,13.7325,0.1675257681,0.6655422671,2.680664,104.280261,101.599597,-22.658228
selected_80,80,71,688019.SH,安集科技,0.7427344091229472,20260402,20260729,32.601396,-0.0320300595,0.639481292,55.575566,54.959081,-0.616485,-34.696133
selected_80,80,72,300951.SZ,博硕科技,0.7420418818074904,20260402,20260729,62.408681,-0.0132579221,0.5284609356,18.352805,5.229753,-13.123053,-39.507018
selected_80,80,73,002185.SZ,华天科技,0.7416332999640687,20260402,20260729,43.625931,-0.2164486945,0.8130424236,129.386785,19.130749,-110.256035,-35.475078
selected_80,80,74,688403.SH,汇成股份,0.7395207248955994,20260402,20260729,52.282382,-0.2306296654,0.7267371677,100.922381,21.037324,-79.885056,-48.983051
selected_80,80,75,688409.SH,富创精密,0.7390051318508489,20260402,20260729,98.896521,-0.2958450662,0.8265797974,179.635644,61.339886,-118.295758,-44.261224
selected_80,80,76,003013.SZ,地铁设计,0.7355933419501092,20260402,20260729,32.559972,-0.0381427692,0.7229556493,34.828044,9.276554,-25.55149,-17.510423
selected_80,80,77,688498.SH,源杰科技,0.7355366496005674,20260402,20260729,72.119825,-0.2581936308,0.8390060134,102.5389,-3.633817,-106.172717,-34.994698
selected_80,80,78,688260.SH,昀冢科技,0.7350468449902892,20260330,20260729,230.014914,-0.6854079912,0.8813622822,319.400597,-55.057497,-374.458094,-54.763889
selected_80,80,79,603669.SH,灵康药业,0.7342956343037906,20260402,20260729,7.216495,0.1785484386,0.5729125063,-31.53708,84.892774,116.429854,-38.717633
selected_80,80,80,603976.SH,正川股份,0.7342284088391664,20260402,20260729,23.149836,-0.0753904004,0.7096809979,35.888719,9.289517,-26.599202,-22.960932
selected_80,80,81,000048.SZ,京基智农,0.7340374220678025,20260402,20260729,-5.480167,0.1552277697,0.5227354232,-57.897937,49.110762,107.008699,-34.551148
selected_80,80,82,603261.SH,立航科技,0.7321174330363865,20260401,20260729,26.619318,0.0933196531,0.5602495706,9.224335,88.083904,78.859569,-28.024476
selected_80,80,83,300843.SZ,胜蓝股份,0.7301164456793379,20260402,20260729,98.310322,-0.2139198172,0.7925955695,142.689199,68.654126,-74.035073,-38.652038
selected_80,80,84,600177.SH,雅戈尔,0.729907129154147,20260402,20260729,5.619796,0.0196338978,0.6429757285,6.034501,19.466297,13.431796,-7.097592
selected_80,80,85,688249.SH,晶合集成,0.7282282569180457,20260402,20260729,36.909279,-0.2163523489,0.7782672076,126.599927,32.988607,-93.61132,-39.135102
selected_80,80,86,002167.SZ,东方锆业,0.7277444572234918,20260402,20260729,29.09699,-0.0047477618,0.5299973539,11.699806,45.245454,33.545648,-41.190019
selected_80,80,87,300285.SZ,国瓷材料,0.7270983217698169,20260402,20260729,96.531798,-0.37075958,0.7610638705,135.188083,-37.937619,-173.125702,-52.704879
selected_80,80,88,688981.SH,中芯国际,0.7258174152171187,20260402,20260729,40.450644,-0.1448586393,0.8355357619,108.422718,40.159956,-68.262763,-24.33526
selected_80,80,89,688266.SH,泽璟制药,0.7244904560042641,20260402,20260729,28.444227,0.2541569518,0.6753110162,1.614738,151.087044,149.472306,-22.063961
selected_80,80,90,600012.SH,皖通高速,0.7223126409316288,20260402,20260729,19.556714,0.0239983848,0.6190172841,27.409258,34.305109,6.895851,-12.272727
selected_80,80,91,688105.SH,诺唯赞,0.7205813247138799,20260402,20260729,19.60012,0.1182431621,0.6049984219,7.162709,83.061561,75.898853,-16.383562
selected_80,80,92,301045.SZ,天禄科技,0.719523156884391,20260402,20260729,48.834398,-0.1592613427,0.7314370939,126.17907,76.752672,-49.426398,-41.824597
selected_80,80,93,002955.SZ,鸿合科技,0.7194249638980795,20260402,20260729,23.621149,0.0315365944,0.5082505062,-18.138003,12.825919,30.963922,-26.744806
selected_80,80,94,301321.SZ,翰博高新,0.7189638083473617,20260402,20260729,69.473684,-0.2397177573,0.8513826503,145.708427,49.000188,-96.708238,-38.934193
selected_80,80,95,300489.SZ,光智科技,0.7177571949825505,20260402,20260729,213.379397,-0.5586850343,0.874592218,272.387278,44.062489,-228.324788,-52.723193
selected_80,80,96,600900.SH,长江电力,0.7176868680254263,20260402,20260729,10.190594,0.0371513859,0.6234803749,8.128302,22.596547,14.468244,-7.2843
selected_80,80,97,688141.SH,杰华特,0.7174664388982479,20260402,20260729,119.872291,-0.2973073804,0.8613208805,171.60462,55.399161,-116.20546,-35.80226
selected_80,80,98,603137.SH,恒尚节能,0.7153445292037197,20260319,20260729,73.814734,0.4949493078,0.7097681948,12.569114,270.615624,258.04651,-34.288121
selected_80,80,99,688046.SH,药康生物,0.7153434349090734,20260402,20260729,63.32967,0.1179638165,0.6097889109,43.965828,127.761158,83.79533,-22.344828
selected_80,80,100,601688.SH,华泰证券,0.7140541223690908,20260402,20260729,13.769752,0.002853203,0.5728966208,1.990784,13.536534,11.545749,-8.51927
original_160,160,1,688146.SH,中船特气,0.9536817808049249,20251126,20260729,662.519039,0.8680791139,0.8965186197,14.469153,275.154747,260.685594,-48.5115
original_160,160,2,002832.SZ,比音勒芬,0.9507150768638818,20251201,20260729,60.207234,0.0896101895,0.9358143593,15.432498,37.797791,22.365292,-8.798486
original_160,160,3,300489.SZ,光智科技,0.9335488302569975,20251201,20260729,266.568699,0.6126909644,0.8806957825,0.288174,186.535688,186.247514,-52.723193
original_160,160,4,003036.SZ,泰坦股份,0.9295815109258194,20251201,20260729,170.305163,0.3065168449,0.8562942595,43.891963,146.619801,102.727839,-56.579826
original_160,160,5,000811.SZ,冰轮环境,0.9289333655348692,20251201,20260729,171.349906,0.364686597,0.8845505732,25.733494,136.423069,110.689576,-33.866951
original_160,160,6,688141.SH,杰华特,0.9272471410326506,20251201,20260729,192.25823,0.2140825209,0.9092663496,42.778475,117.78223,75.003754,-35.80226
original_160,160,7,301217.SZ,铜冠铜箔,0.9266727189902315,20251201,20260729,173.631215,0.3397181452,0.8288155867,35.116827,155.089153,119.972326,-56.52
original_160,160,8,300843.SZ,胜蓝股份,0.9256536534064134,20251201,20260729,136.888723,0.2570183626,0.8910724627,24.826136,104.59845,79.772315,-38.652038
original_160,160,9,301273.SZ,瑞晨环保,0.9247478047576628,20251201,20260729,93.362364,0.0848740743,0.8479949493,27.206333,57.926907,30.720574,-23.254505
original_160,160,10,300209.SZ,行云科技,0.9246229810833785,20251201,20260729,415.370705,0.0275639128,0.9186736064,94.069408,115.022336,20.952928,-30.006258
original_160,160,11,300408.SZ,三环集团,0.9244112044507388,20251201,20260729,155.270047,0.1389538096,0.8400139951,42.322462,104.413937,62.091475,-46.603309
original_160,160,12,002281.SZ,光迅科技,0.9241571807874811,20251201,20260729,173.132161,0.1322982905,0.8622154955,36.470607,92.638257,56.16765,-38.691684
original_160,160,13,002484.SZ,江海股份,0.9213203981339564,20251201,20260729,127.443663,0.425090029,0.8105927349,10.567336,152.790934,142.223599,-44.69465
original_160,160,14,688498.SH,源杰科技,0.9207381785632833,20251201,20260729,232.595589,0.0776870468,0.9430718069,71.047096,98.628462,27.581366,-34.994698
original_160,160,15,301526.SZ,国际复材,0.9187343860333084,20251201,20260729,421.79568,0.1582132626,0.905195945,101.390818,158.899668,57.50885,-50.81273
original_160,160,16,688630.SH,芯碁微装,0.9180673559911269,20251201,20260729,199.691956,0.1023633764,0.9189573129,63.674679,106.49468,42.82,-38.073807
original_160,160,17,301319.SZ,唯特偶,0.9174304334577422,20251201,20260729,201.950752,0.606571978,0.7829173182,-18.105064,183.97912,202.084183,-58.275362
original_160,160,18,300308.SZ,中际旭创,0.916917442785211,20251201,20260729,76.974828,0.1808889999,0.7948333596,-3.614609,60.203788,63.818397,-34.313804
original_160,160,19,002938.SZ,鹏鼎控股,0.9166792363060126,20251201,20260729,71.838787,0.1483265714,0.7779231771,8.92911,71.106985,62.177875,-29.980819
original_160,160,20,003004.SZ,声迅股份,0.9151410364265368,20251128,20260729,170.092166,0.2551146651,0.8856035564,52.066096,136.930357,84.864261,-32.536395
original_160,160,21,002463.SZ,沪电股份,0.912487102421973,20251201,20260729,46.678523,0.097561304,0.8406348129,18.724195,54.027019,35.302824,-32.092393
original_160,160,22,301188.SZ,力诺药包,0.9117932360670455,20251201,20260729,99.563587,0.2762481352,0.7619351799,-2.8851,98.142087,101.027188,-53.384508
original_160,160,23,688702.SH,盛科通信,0.9113128230950317,20251201,20260729,168.259542,0.0717838953,0.9111737147,51.77498,72.402282,20.627303,-26.066351
original_160,160,24,300502.SZ,新易盛,0.9111515498801356,20251201,20260729,66.037689,0.1730474609,0.8195695794,3.194697,55.769923,52.575226,-33.348622
original_160,160,25,603773.SH,沃格光电,0.9095502679982197,20251201,20260729,137.117347,0.2601603463,0.7827820057,25.804739,132.341752,106.537013,-58.224719
original_160,160,26,300649.SZ,杭州园林,0.9078269326661257,20251201,20260729,21.987078,0.2298158321,0.7929309504,0.153136,76.674466,76.52133,-36.224659
original_160,160,27,688409.SH,富创精密,0.9073777533459942,20251201,20260729,170.009172,0.2272903639,0.8668195217,49.296928,128.427178,79.130249,-44.261224
original_160,160,28,002384.SZ,东山精密,0.9071891432428618,20251201,20260729,137.930122,0.0549991084,0.8770516455,45.240135,67.492125,22.25199,-34.815083
original_160,160,29,002552.SZ,宝鼎科技,0.9070172908113868,20251201,20260729,106.510264,0.4091815639,0.7647958408,12.487497,159.673759,147.186262,-54.081899
original_160,160,30,688072.SH,拓荆科技,0.9061507832713687,20251117,20260729,125.388945,0.3415034536,0.9036386974,22.063278,120.224083,98.160805,-25.053823
original_160,160,31,301511.SZ,德福科技,0.9060743230389611,20251201,20260729,111.93951,0.2713177103,0.7687430183,10.655384,111.873594,101.21821,-58.545069
original_160,160,32,300604.SZ,长川科技,0.9055120662442465,20251201,20260729,241.428277,0.1818151806,0.901090523,52.819089,120.660988,67.841899,-29.144385
original_160,160,33,000636.SZ,风华高科,0.9054067416913021,20251201,20260729,191.566821,0.3027415202,0.7959881529,51.354136,162.376884,111.022748,-49.816375
original_160,160,34,300814.SZ,中富电路,0.9053841034616529,20251201,20260729,43.865304,0.1389478459,0.7792768121,26.558315,77.239228,50.680913,-44.617463
original_160,160,35,301377.SZ,鼎泰高科,0.9045704768787554,20251201,20260729,258.459925,0.1316928711,0.8827956484,78.690857,135.849855,57.158998,-45.227411
original_160,160,36,688253.SH,英诺特,0.9043395960013223,20251201,20260729,69.394656,0.0389547136,0.8256952577,24.162831,46.806267,22.643436,-23.574928
original_160,160,37,301228.SZ,实朴检测,0.9032110215390502,20251201,20260729,32.610111,0.1063064144,0.7283405612,2.867948,43.352439,40.484491,-45.037987
original_160,160,38,603256.SH,宏和科技,0.9015370605386295,20251201,20260729,317.913753,-0.1353403438,0.9116892527,125.882875,116.64981,-9.233065,-53.175084
original_160,160,39,688328.SH,深科达,0.9013178292232726,20251201,20260729,150.819884,0.1009438297,0.9130595815,64.420208,105.184345,40.764137,-44.362683
original_160,160,40,300835.SZ,龙磁科技,0.9010312372197412,20251201,20260729,115.941464,0.1049901832,0.8087352741,47.557162,99.796937,52.239774,-49.990124
original_160,160,41,920438.BJ,戈碧迦,0.9009956919365849,20251201,20260729,187.350547,0.5995480156,0.8483484774,5.276444,182.204831,176.928387,-40.515372
original_160,160,42,688610.SH,埃科光电,0.8992969502060386,20251201,20260729,121.910576,0.0606815156,0.8470452602,50.064501,91.858786,41.794285,-48.936978
original_160,160,43,002859.SZ,洁美科技,0.8986919227705069,20251117,20260729,90.80471,0.0582797634,0.8426125505,61.118018,89.772536,28.654518,-49.969339
original_160,160,44,688218.SH,江苏北人,0.8967666656553269,20251201,20260729,43.882042,0.1808017387,0.7621959384,5.223196,73.470603,68.247407,-40.563636
original_160,160,45,001339.SZ,智微智能,0.8958754127410847,20251201,20260729,65.937705,0.0544558511,0.8568708303,43.45781,70.75123,27.29342,-34.824468
original_160,160,46,300054.SZ,鼎龙股份,0.8958641018948156,20251201,20260729,94.969836,0.0650451429,0.8659338502,35.402312,67.073199,31.670886,-37.831462
original_160,160,47,002636.SZ,金安国纪,0.8956922501800757,20251201,20260729,230.677711,0.0719595132,0.9087457081,108.265175,140.059372,31.794197,-54.521964
original_160,160,48,603580.SH,艾艾精工,0.8954009161278617,20251121,20260729,268.531469,0.4272635169,0.8844648751,0.515839,108.168489,107.65265,-18.989314
original_160,160,49,600183.SH,生益科技,0.8953632322540632,20251201,20260729,85.039635,0.4135203758,0.7576308432,-8.356671,130.920053,139.276723,-42.211538
original_160,160,50,002787.SZ,华源控股,0.8952608835642286,20251201,20260729,63.412564,0.1505053282,0.7503186644,4.391149,68.963572,64.572423,-43.047337
original_160,160,51,601101.SH,昊华能源,0.8952006118483883,20251201,20260729,56.198675,0.0256349245,0.8293071759,26.913373,41.106105,14.192732,-23.686336
original_160,160,52,301307.SZ,美利信,0.8947373506025578,20251201,20260729,25.530303,0.2237351741,0.8184400625,7.058006,71.918826,64.86082,-47.139515
original_160,160,53,000429.SZ,粤高速A,0.892537057918911,20251201,20260729,17.977528,0.0547442797,0.8315812897,6.577797,18.002882,11.425085,-11.119874
original_160,160,54,688519.SH,南亚新材,0.8919162119434649,20251201,20260729,227.569892,-0.0012355274,0.9203259399,110.699719,120.494603,9.794884,-47.995611
original_160,160,55,603115.SH,海星股份,0.8915531783949394,20251201,20260729,286.236157,-0.1256919011,0.8945770462,105.685847,92.692335,-12.993512,-50.253498
original_160,160,56,688347.SH,华虹宏力,0.8912500026494421,20251201,20260729,148.208708,0.499366342,0.8740212052,15.299387,163.938905,148.639518,-35.030675
original_160,160,57,603186.SH,华正新材,0.8910397920466706,20251201,20260729,151.189185,0.1661466598,0.8238076465,70.203069,143.606011,73.402942,-57.222222
original_160,160,58,688120.SH,华海清科,0.890924267121915,20251201,20260729,174.765314,0.3155174898,0.8665458131,25.762603,121.520255,95.757652,-33.729651
original_160,160,59,688549.SH,中巨芯,0.8908105649122344,20251201,20260729,131.183932,0.6013581041,0.8127292916,2.468494,183.122627,180.654132,-47.586207
original_160,160,60,688069.SH,德林海,0.8905369842434682,20251201,20260729,120.388307,-0.0218524553,0.8275553504,35.935187,46.433814,10.498627,-34.589253
original_160,160,61,300903.SZ,科翔股份,0.8903949710406589,20251201,20260729,165.581854,-0.0605867284,0.8861660763,102.875811,107.87146,4.995649,-52.213646
original_160,160,62,688200.SH,华峰测控,0.8902945095122217,20251201,20260729,201.590937,0.1458694634,0.895732856,71.917629,125.697909,53.78028,-34.979742
original_160,160,63,300283.SZ,温州宏丰,0.8898973690187902,20251201,20260729,65.114541,0.1775395207,0.7306823901,6.566522,82.662558,76.096036,-49.823737
original_160,160,64,301200.SZ,大族数控,0.8883321787861015,20251201,20260729,107.422654,0.035731118,0.8666355243,53.692064,81.433116,27.741052,-41.812458
original_160,160,65,603311.SH,金海高科,0.8880061770851218,20251124,20260729,113.897118,0.0479341008,0.7816980321,44.557225,83.463294,38.906069,-45.112414
original_160,160,66,301328.SZ,维峰电子,0.8874911368597708,20251201,20260729,72.636449,0.1502192539,0.8128197887,20.846227,81.290981,60.444753,-38.525088
original_160,160,67,601838.SH,成都银行,0.8874549525913331,20251201,20260729,13.108193,0.0292533911,0.7696862104,3.898606,10.770517,6.871912,-11.80867
original_160,160,68,300661.SZ,圣邦股份,0.8873205817454273,20251201,20260729,51.031817,0.143489106,0.7770891847,7.837061,61.563231,53.72617,-33.795651
original_160,160,69,688627.SH,精智达,0.8867731630707176,20251201,20260729,142.290477,0.2589578253,0.8242598543,32.095614,119.543085,87.447471,-38.418182
original_160,160,70,002371.SZ,北方华创,0.8864246005112012,20251201,20260729,58.362334,0.2591401125,0.8296156955,-0.39984,78.863077,79.262917,-27.566071
original_160,160,71,002245.SZ,蔚蓝锂芯,0.8864093990186506,20251201,20260729,46.04289,0.1101522685,0.7520238629,7.717457,54.578237,46.86078,-31.255487
original_160,160,72,688531.SH,日联科技,0.8861994143052866,20251117,20260729,88.823929,0.1781497411,0.7521796392,31.602859,109.055788,77.452929,-40.851365
original_160,160,73,002980.SZ,华盛昌,0.8861218936585338,20251201,20260729,204.6612,-0.1518171565,0.8748640624,90.547329,59.91528,-30.632049,-46.258089
original_160,160,74,300179.SZ,四方达,0.8859206203700642,20251201,20260729,103.147288,0.0392096894,0.8334630563,67.625415,94.979569,27.354153,-47.790323
original_160,160,75,603045.SH,福达合金,0.8858781757105595,20251201,20260729,137.912324,-0.0784061882,0.839825527,77.521421,87.348656,9.827234,-47.79854
original_160,160,76,605006.SH,山东玻纤,0.885858229249212,20251201,20260729,75.778078,0.010025143,0.7763122006,43.608764,68.819793,25.211028,-52.615385
original_160,160,77,600584.SH,长电科技,0.8854462074963526,20251201,20260729,93.420713,0.2728274258,0.8099521907,27.551909,120.786327,93.234418,-32.783196
original_160,160,78,603608.SH,天创时尚,0.8845407730513045,20251124,20260729,137.446809,0.09174355,0.8342760527,59.048611,109.779547,50.730936,-41.861276
original_160,160,79,601918.SH,新集能源,0.883810957650741,20251201,20260729,43.866295,0.0215087172,0.828683706,25.379716,34.458062,9.078346,-23.847518
original_160,160,80,300868.SZ,杰美特,0.883510893622813,20251201,20260729,151.366858,-0.0109395207,0.8578506873,64.791321,78.95921,14.167889,-54.233682
original_160,160,81,301536.SZ,星宸科技,0.8834419123977341,20251201,20260729,112.601072,0.1169937562,0.8681557031,39.395991,73.512052,34.116061,-28.638023
original_160,160,82,002436.SZ,兴森科技,0.8828671605723258,20251201,20260729,41.585679,0.1515815058,0.7395117068,12.301355,74.135518,61.834163,-42.742387
original_160,160,83,601133.SH,柏诚股份,0.8817596207309203,20251201,20260729,88.019129,0.0765275714,0.8352994977,20.70252,53.427814,32.725294,-40.486225
original_160,160,84,688268.SH,华特气体,0.8805219415633259,20251201,20260729,135.702358,0.0261235646,0.8474485744,51.244976,71.392045,20.147069,-49.713438
original_160,160,85,600396.SH,华电辽能,0.8803198587202995,20251201,20260729,426.384365,-0.0836963293,0.8506134264,98.856178,79.986349,-18.869829,-47.155212
original_160,160,86,002916.SZ,深南电路,0.880010462081986,20251201,20260729,61.301807,0.0331851562,0.8003833118,29.116682,56.585522,27.468841,-30.987115
original_160,160,87,301176.SZ,逸豪新材,0.8796091584589348,20251201,20260729,50.939144,0.2307845674,0.7280147207,8.752364,87.136848,78.384484,-52.895706
original_160,160,88,603823.SH,百合花,0.8791053198734984,20251201,20260729,223.66965,0.9087281421,0.910659676,3.170472,250.342214,247.171742,-32.454534
original_160,160,89,688300.SH,联瑞新材,0.8787502711071883,20251201,20260729,104.520086,0.1212752424,0.8060482936,55.316765,103.80448,48.487715,-57.481471
original_160,160,90,688669.SH,聚石化学,0.8783403252048069,20251201,20260729,172.735632,0.5005711303,0.8674692617,37.375295,181.017266,143.641971,-47.130125
original_160,160,91,600641.SH,先导基电,0.8778666475035106,20251201,20260729,63.988095,0.1696592416,0.8333181868,14.982238,70.406029,55.423791,-42.889718
original_160,160,92,301321.SZ,翰博高新,0.877315737351531,20251201,20260729,97.546012,0.1754980459,0.8239440821,29.599202,94.148905,64.549704,-38.934193
original_160,160,93,601991.SH,大唐发电,0.876451183992641,20251201,20260729,76.301668,0.1069355883,0.7176350909,27.784137,77.576981,49.792844,-38.017429
original_160,160,94,688260.SH,昀冢科技,0.8760777006921804,20251126,20260729,177.721996,0.7468168923,0.7665123901,-25.532248,199.176802,224.709049,-54.763889
original_160,160,95,300975.SZ,商络电子,0.8759085248447537,20251201,20260729,88.461335,0.0467615301,0.8078186188,53.773901,84.388307,30.614406,-54.898551
original_160,160,96,603303.SH,得邦照明,0.875419484988162,20251201,20260729,47.465051,0.0638149981,0.6996380981,19.520991,58.730776,39.209786,-45.413398
original_160,160,97,003018.SZ,金富科技,0.8753393268458305,20251201,20260729,70.7086,-0.0655063814,0.8288467192,61.188232,52.512116,-8.676116,-50.362109
original_160,160,98,603629.SH,利通电子,0.8737651377300498,20251201,20260729,410.258049,-0.3291491347,0.9151127361,149.376256,82.478759,-66.897497,-47.160597
original_160,160,99,301071.SZ,力量钻石,0.8735836894382918,20251201,20260729,39.192814,0.0814520933,0.760532853,32.713211,73.065011,40.3518,-48.484848
original_160,160,100,300666.SZ,江丰电子,0.8730650781490585,20251124,20260729,164.214888,-0.0022310915,0.8819106972,84.302534,97.378452,13.075918,-49.534654
